author,form,name,type
卖报小郎君,LZ,大奉打更人,仙侠
老鹰吃小鸡,WJ,万族之劫,都市
跳舞,LZ,稳住别浪,都市
言归正传,LZ,这个人仙太过正经,仙侠
我最白,LZ,全职艺术家,都市
黑山老鬼,LZ,从红月开始,科幻
昭灵驷玉,LZ,重生之金融巨头,都市
那一只蚊子,LZ,轮回乐园,轻小说
滚开,LZ,十方武圣,玄幻
白天太白,LZ,我在魔法世界开创互联网时代,玄幻
荣小荣,LZ,大周仙吏,仙侠
愤怒的香蕉,LZ,赘婿,历史
爱潜水的乌贼,WJ,诡秘之主,玄幻
言归正传,WJ,我师兄实在太稳健了,仙侠
范马加藤惠,LZ,我在东京教剑道,轻小说
爱潜水的乌贼,LZ,长夜余火,玄幻
青衫取醉,LZ,亏成首富从游戏开始,游戏
白驹易逝,LZ,我真的是正派,玄幻
榴弹怕水,LZ,绍宋,历史
百分之七,LZ,我就是不按套路出牌,轻小说
纯洁滴小龙,LZ,魔临,悬疑
我吃西红柿,WJ,吞噬星空,科幻
远瞳,LZ,黎明之剑,科幻
我吃西红柿,LZ,沧元图,玄幻
我会修空调,LZ,我的治愈系游戏,悬疑
柳岸花又明,LZ,我真没想重生啊,都市
佛前献花,LZ,神秘复苏,仙侠
污门说书人,LZ,我在秋斩刑场当缝尸人那些年,仙侠
辰东,LZ,圣墟,玄幻
任我笑,LZ,顶级气运，悄悄修炼千年,仙侠
真费事,WJ,烂柯棋缘,仙侠
掠过的乌鸦,LZ,我加载了恋爱游戏,轻小说
屋外风吹凉,LZ,红楼春,历史
米一克,LZ,某美漫的传奇人生,科幻
老鹰吃小鸡,WJ,全球高武,都市
贰更,LZ,我在斩妖司除魔三十年,仙侠
咸鱼洁南,LZ,玄幻模拟器,武侠
唐家三少,LZ,斗罗大陆IV终极斗罗,玄幻
情何以甚,LZ,赤心巡天,仙侠
J神,LZ,开局签到荒古圣体,玄幻
坟土荒草,LZ,神话版三国,历史
天蚕土豆,WJ,斗破苍穹,玄幻
巫马行,LZ,我只会拍烂片啊,都市
夜影恋姬,LZ,末日圆环,玄幻
宇宙无敌水哥,LZ,没钱上大学的我只能去屠龙了,轻小说
忘语,WJ,凡人修仙传,仙侠
忘语,LZ,大梦主,仙侠
我会修空调,WJ,我有一座冒险屋,悬疑
风凌天下,LZ,左道倾天,玄幻
惰堕,LZ,剑卒过河,仙侠
奉义天涯,LZ,警探长,都市
育,LZ,九星之主,科幻
鹅是老五,LZ,弃宇宙,仙侠
晴了,LZ,大唐第一世家,历史
宅猪,LZ,临渊行,玄幻
轻泉流响,LZ,精灵掌门人,轻小说
裴不了,LZ,我不可能是剑神,仙侠
授与天齐,LZ,我只是一个支教老师,都市
会说话的肘子,WJ,第一序列,都市
齐佩甲,LZ,超神机械师,游戏
